[
    {
        "id": "6a5011a1-fe1f-47df-9a32-b5346b289391",
        "reservePrice": 0,
        "seller": "bob",
        "winner": null,
        "soldAmount": 0,
        "currentHighBid": 0,
        "createdAt": "2023-06-22T03:52:45.479302Z",
        "updatedAt": "2023-06-22T03:52:45.479302Z",
        "auctionEnd": "2023-07-11T03:52:45.479302Z",
        "status": "Live",
        "make": "Audi",
        "model": "R8",
        "year": 2021,
        "color": "White",
        "mileage": 10050,
        "imageUrl": "https://cdn.pixabay.com/photo/2019/12/26/20/50/audi-r8-4721217_960_720.jpg"
    },
    {
        "id": "40490065-dac7-46b6-acc4-df507e0d6570",
        "reservePrice": 20000,
        "seller": "tom",
        "winner": null,
        "soldAmount": 0,
        "currentHighBid": 0,
        "createdAt": "2023-06-22T03:52:45.479302Z",
        "updatedAt": "2023-06-22T03:52:45.479302Z",
        "auctionEnd": "2023-07-12T03:52:45.479302Z",
        "status": "Live",
        "make": "Audi",
        "model": "TT",
        "year": 2020,
        "color": "Black",
        "mileage": 25400,
        "imageUrl": "https://cdn.pixabay.com/photo/2016/09/01/15/06/audi-1636320_960_720.jpg"
    },
    {
        "id": "466e4744-4dc5-4987-aae0-b621acfc5e39",
        "reservePrice": 20000,
        "seller": "alice",
        "winner": null,
        "soldAmount": 0,
        "currentHighBid": 0,
        "createdAt": "2023-06-22T03:52:45.479301Z",
        "updatedAt": "2023-06-22T03:52:45.479301Z",
        "auctionEnd": "2023-07-22T03:52:45.479301Z",
        "status": "Live",
        "make": "BMW",
        "model": "X1",
        "year": 2017,
        "color": "White",
        "mileage": 90000,
        "imageUrl": "https://cdn.pixabay.com/photo/2017/08/31/05/47/bmw-2699538_960_720.jpg"
    },
    {
        "id": "c8c3ec17-01bf-49db-82aa-1ef80b833a9f",
        "reservePrice": 90000,
        "seller": "alice",
        "winner": null,
        "soldAmount": 0,
        "currentHighBid": 0,
        "createdAt": "2023-06-22T03:52:45.479299Z",
        "updatedAt": "2023-06-22T03:52:45.479299Z",
        "auctionEnd": "2023-08-21T03:52:45.4793Z",
        "status": "Live",
        "make": "Bugatti",
        "model": "Veyron",
        "year": 2018,
        "color": "Black",
        "mileage": 15035,
        "imageUrl": "https://cdn.pixabay.com/photo/2012/05/29/00/43/car-49278_960_720.jpg"
    },
    {
        "id": "dc1e4071-d19d-459b-b848-b5c3cd3d151f",
        "reservePrice": 20000,
        "seller": "bob",
        "winner": null,
        "soldAmount": 0,
        "currentHighBid": 0,
        "createdAt": "2023-06-22T03:52:45.479301Z",
        "updatedAt": "2023-06-22T03:52:45.479301Z",
        "auctionEnd": "2023-08-06T03:52:45.479301Z",
        "status": "Live",
        "make": "Ferrari",
        "model": "Spider",
        "year": 2015,
        "color": "Red",
        "mileage": 50000,
        "imageUrl": "https://cdn.pixabay.com/photo/2017/11/09/01/49/ferrari-458-spider-2932191_960_720.jpg"
    },
    {
        "id": "47111973-d176-4feb-848d-0ea22641c31a",
        "reservePrice": 150000,
        "seller": "alice",
        "winner": null,
        "soldAmount": 0,
        "currentHighBid": 0,
        "createdAt": "2023-06-22T03:52:45.479302Z",
        "updatedAt": "2023-06-22T03:52:45.479302Z",
        "auctionEnd": "2023-07-05T03:52:45.479302Z",
        "status": "Live",
        "make": "Ferrari",
        "model": "F-430",
        "year": 2022,
        "color": "Red",
        "mileage": 5000,
        "imageUrl": "https://cdn.pixabay.com/photo/2017/11/08/14/39/ferrari-f430-2930661_960_720.jpg"
    },
    {
        "id": "afbee524-5972-4075-8800-7d1f9d7b0a0c",
        "reservePrice": 20000,
        "seller": "bob",
        "winner": null,
        "soldAmount": 0,
        "currentHighBid": 0,
        "createdAt": "2023-06-22T03:52:45.4791Z",
        "updatedAt": "2023-06-22T03:52:45.479101Z",
        "auctionEnd": "2023-07-02T03:52:45.479171Z",
        "status": "Live",
        "make": "Ford",
        "model": "GT",
        "year": 2020,
        "color": "White",
        "mileage": 50000,
        "imageUrl": "https://cdn.pixabay.com/photo/2016/05/06/16/32/car-1376190_960_720.jpg"
    },
    {
        "id": "bbab4d5a-8565-48b1-9450-5ac2a5c4a654",
        "reservePrice": 0,
        "seller": "bob",
        "winner": null,
        "soldAmount": 0,
        "currentHighBid": 0,
        "createdAt": "2023-06-22T03:52:45.4793Z",
        "updatedAt": "2023-06-22T03:52:45.4793Z",
        "auctionEnd": "2023-06-26T03:52:45.4793Z",
        "status": "Live",
        "make": "Ford",
        "model": "Mustang",
        "year": 2023,
        "color": "Black",
        "mileage": 65125,
        "imageUrl": "https://cdn.pixabay.com/photo/2012/11/02/13/02/car-63930_960_720.jpg"
    },
    {
        "id": "3659ac24-29dd-407a-81f5-ecfe6f924b9b",
        "reservePrice": 20000,
        "seller": "bob",
        "winner": null,
        "soldAmount": 0,
        "currentHighBid": 0,
        "createdAt": "2023-06-22T03:52:45.479302Z",
        "updatedAt": "2023-06-22T03:52:45.479302Z",
        "auctionEnd": "2023-08-09T03:52:45.479302Z",
        "status": "Live",
        "make": "Ford",
        "model": "Model T",
        "year": 1938,
        "color": "Rust",
        "mileage": 150150,
        "imageUrl": "https://cdn.pixabay.com/photo/2017/08/02/19/47/vintage-2573090_960_720.jpg"
    },
    {
        "id": "155225c1-4448-4066-9886-6786536e05ea",
        "reservePrice": 50000,
        "seller": "tom",
        "winner": null,
        "soldAmount": 0,
        "currentHighBid": 0,
        "createdAt": "2023-06-22T03:52:45.479301Z",
        "updatedAt": "2023-06-22T03:52:45.479301Z",
        "auctionEnd": "2023-06-12T03:52:45.479301Z",
        "status": "ReserveNotMet",
        "make": "Mercedes",
        "model": "SLK",
        "year": 2020,
        "color": "Silver",
        "mileage": 15001,
        "imageUrl": "https://cdn.pixabay.com/photo/2016/04/17/22/10/mercedes-benz-1335674_960_720.png"
    }
]